{
    "manufacturer": "epomaker",
    "keyboard_name": "Galaxy QMK",
    "maintainer": "yangzheng20003",
    "bootloader": "wb32-dfu",
    "bootmagic": {
        "matrix": [0, 0]
    },
    "debounce": 1,
    "diode_direction": "ROW2COL",
    "eeprom": {
        "driver": "wear_leveling",
        "wear_leveling": {
            "backing_size": 4096,
            "driver": "spi_flash"
        }
    },
    "encoder": {
        "rotary": [
            {"pin_a": "B7", "pin_b": "B6"}
        ]
    },
    "features": {
        "command": false,
        "console": false,
        "extrakey": true,
        "mousekey": true,
        "nkro": true,
        "rgb_matrix": true,
        "deferred_exec": true,
        "rgblight": false,
        "encoder": true
    },
    "keycodes": [
        {
            "key": "RP_P0"
        },
        {
            "key": "RP_P1"
        },
        {
            "key": "RP_P2"
        },
        {
            "key": "RP_END"
        },
        {
            "key": "USE_PRO"
        },
        {
            "key": "USE_TASK"
        }
    ],
    "dynamic_keymap": {
        "layer_count": 5
    },
    "matrix_pins": {
        "cols": ["C0", "C1", "C2", "C3", "A6", "B10", "B11", "B12", "B13", "B14", "A10", "C6", "C7", "C8", "C9", "A8", "C4", "C5", "B0"],
        "rows": ["A0", "A1", "A2", "A3", "A4", "C13"]
    },
    "processor": "WB32FQ95",
    "rgb_matrix": {
        "animations": {
            "alphas_mods": true,
            "band_pinwheel_sat": true,
            "band_pinwheel_val": true,
            "band_sat": true,
            "band_spiral_sat": true,
            "band_spiral_val": true,
            "band_val": true,
            "breathing": true,
            "cycle_all": true,
            "cycle_left_right": true,
            "cycle_out_in": true,
            "cycle_out_in_dual": true,
            "cycle_pinwheel": true,
            "cycle_spiral": true,
            "cycle_up_down": true,
            "digital_rain": true,
            "dual_beacon": true,
            "gradient_left_right": true,
            "gradient_up_down": true,
            "hue_breathing": true,
            "hue_pendulum": true,
            "hue_wave": true,
            "jellybean_raindrops": true,
            "multisplash": true,
            "pixel_flow": true,
            "pixel_fractal": true,
            "pixel_rain": true,
            "rainbow_beacon": true,
            "rainbow_moving_chevron": true,
            "rainbow_pinwheels": true,
            "raindrops": true,
            "solid_color": true,
            "solid_multisplash": true,
            "solid_reactive": true,
            "solid_reactive_cross": true,
            "solid_reactive_multicross": true,
            "solid_reactive_multinexus": true,
            "solid_reactive_multiwide": true,
            "solid_reactive_nexus": true,
            "solid_reactive_simple": true,
            "solid_reactive_wide": true,
            "solid_splash": true,
            "splash": true,
            "typing_heatmap": true
        },
        "driver": "ws2812",
        "layout": [
            {"matrix": [5, 17], "x": 64, "y": 211, "flags": 4},
            {"matrix": [5, 16], "x": 64, "y": 198, "flags": 4},
            {"matrix": [5, 14], "x": 64, "y": 174, "flags": 4},
            {"matrix": [5, 12], "x": 64, "y": 149, "flags": 4},
            {"matrix": [5, 11], "x": 64, "y": 136, "flags": 4},
            {"matrix": [5, 10], "x": 64, "y": 124, "flags": 4},
            {"matrix": [5, 9], "x": 64, "y": 112, "flags": 4},
            {"matrix": [5, 5], "x": 64, "y": 62, "flags": 4},
            {"matrix": [5, 2], "x": 64, "y": 25, "flags": 4},
            {"matrix": [5, 1], "x": 64, "y": 12, "flags": 4},
            {"matrix": [5, 0], "x": 64, "y": 0, "flags": 4},
            {"matrix": [4, 0], "x": 51, "y": 0, "flags": 4},
            {"matrix": [4, 1], "x": 51, "y": 12, "flags": 4},
            {"matrix": [4, 2], "x": 51, "y": 25, "flags": 4},
            {"matrix": [4, 3], "x": 51, "y": 37, "flags": 4},
            {"matrix": [4, 4], "x": 51, "y": 50, "flags": 4},
            {"matrix": [4, 5], "x": 51, "y": 62, "flags": 4},
            {"matrix": [4, 6], "x": 51, "y": 74, "flags": 4},
            {"matrix": [4, 7], "x": 51, "y": 87, "flags": 4},
            {"matrix": [4, 8], "x": 51, "y": 99, "flags": 4},
            {"matrix": [4, 9], "x": 51, "y": 112, "flags": 4},
            {"matrix": [4, 10], "x": 51, "y": 124, "flags": 4},
            {"matrix": [4, 11], "x": 51, "y": 136, "flags": 4},
            {"matrix": [4, 12], "x": 51, "y": 149, "flags": 4},
            {"matrix": [4, 15], "x": 51, "y": 186, "flags": 4},
            {"matrix": [4, 16], "x": 51, "y": 198, "flags": 4},
            {"matrix": [4, 17], "x": 51, "y": 211, "flags": 4},
            {"matrix": [4, 18], "x": 51, "y": 223, "flags": 4},
            {"matrix": [3, 17], "x": 38, "y": 211, "flags": 4},
            {"matrix": [3, 16], "x": 38, "y": 198, "flags": 4},
            {"matrix": [3, 15], "x": 38, "y": 186, "flags": 4},
            {"matrix": [3, 14], "x": 38, "y": 174, "flags": 4},
            {"matrix": [3, 12], "x": 38, "y": 149, "flags": 4},
            {"matrix": [3, 11], "x": 38, "y": 136, "flags": 4},
            {"matrix": [3, 10], "x": 38, "y": 124, "flags": 4},
            {"matrix": [3, 9], "x": 38, "y": 112, "flags": 4},
            {"matrix": [3, 8], "x": 38, "y": 99, "flags": 4},
            {"matrix": [3, 7], "x": 38, "y": 87, "flags": 4},
            {"matrix": [3, 6], "x": 38, "y": 74, "flags": 4},
            {"matrix": [3, 5], "x": 38, "y": 62, "flags": 4},
            {"matrix": [3, 4], "x": 38, "y": 50, "flags": 4},
            {"matrix": [3, 3], "x": 38, "y": 37, "flags": 4},
            {"matrix": [3, 2], "x": 38, "y": 25, "flags": 4},
            {"matrix": [3, 1], "x": 38, "y": 12, "flags": 4},
            {"matrix": [3, 0], "x": 38, "y": 0, "flags": 4},
            {"matrix": [2, 0], "x": 26, "y": 0, "flags": 4},
            {"matrix": [2, 1], "x": 26, "y": 12, "flags": 4},
            {"matrix": [2, 2], "x": 26, "y": 25, "flags": 4},
            {"matrix": [2, 3], "x": 26, "y": 37, "flags": 4},
            {"matrix": [2, 4], "x": 26, "y": 50, "flags": 4},
            {"matrix": [2, 5], "x": 26, "y": 62, "flags": 4},
            {"matrix": [2, 6], "x": 26, "y": 74, "flags": 4},
            {"matrix": [2, 7], "x": 26, "y": 87, "flags": 4},
            {"matrix": [2, 8], "x": 26, "y": 99, "flags": 4},
            {"matrix": [2, 9], "x": 26, "y": 112, "flags": 4},
            {"matrix": [2, 10], "x": 26, "y": 124, "flags": 4},
            {"matrix": [2, 11], "x": 26, "y": 136, "flags": 4},
            {"matrix": [2, 12], "x": 26, "y": 149, "flags": 4},
            {"matrix": [2, 13], "x": 26, "y": 161, "flags": 4},
            {"matrix": [2, 14], "x": 26, "y": 174, "flags": 4},
            {"matrix": [2, 15], "x": 26, "y": 186, "flags": 4},
            {"matrix": [2, 16], "x": 26, "y": 198, "flags": 4},
            {"matrix": [2, 17], "x": 26, "y": 211, "flags": 4},
            {"matrix": [2, 18], "x": 26, "y": 223, "flags": 4},
            {"matrix": [1, 18], "x": 13, "y": 223, "flags": 4},
            {"matrix": [1, 17], "x": 13, "y": 211, "flags": 4},
            {"matrix": [1, 16], "x": 13, "y": 198, "flags": 4},
            {"matrix": [1, 15], "x": 13, "y": 186, "flags": 4},
            {"matrix": [1, 14], "x": 13, "y": 174, "flags": 4},
            {"matrix": [1, 13], "x": 13, "y": 161, "flags": 4},
            {"matrix": [1, 12], "x": 13, "y": 149, "flags": 4},
            {"matrix": [1, 11], "x": 13, "y": 136, "flags": 4},
            {"matrix": [1, 10], "x": 13, "y": 124, "flags": 4},
            {"matrix": [1, 9], "x": 13, "y": 112, "flags": 4},
            {"matrix": [1, 8], "x": 13, "y": 99, "flags": 4},
            {"matrix": [1, 7], "x": 13, "y": 87, "flags": 4},
            {"matrix": [1, 6], "x": 13, "y": 74, "flags": 4},
            {"matrix": [1, 5], "x": 13, "y": 62, "flags": 4},
            {"matrix": [1, 4], "x": 13, "y": 50, "flags": 4},
            {"matrix": [1, 3], "x": 13, "y": 37, "flags": 4},
            {"matrix": [1, 2], "x": 13, "y": 25, "flags": 4},
            {"matrix": [1, 1], "x": 13, "y": 12, "flags": 4},
            {"matrix": [1, 0], "x": 13, "y": 0, "flags": 4},
            {"matrix": [0, 0], "x": 0, "y": 0, "flags": 4},
            {"matrix": [0, 2], "x": 0, "y": 25, "flags": 4},
            {"matrix": [0, 3], "x": 0, "y": 37, "flags": 4},
            {"matrix": [0, 4], "x": 0, "y": 50, "flags": 4},
            {"matrix": [0, 5], "x": 0, "y": 62, "flags": 4},
            {"matrix": [0, 6], "x": 0, "y": 74, "flags": 4},
            {"matrix": [0, 7], "x": 0, "y": 87, "flags": 4},
            {"matrix": [0, 8], "x": 0, "y": 99, "flags": 4},
            {"matrix": [0, 9], "x": 0, "y": 112, "flags": 4},
            {"matrix": [0, 10], "x": 0, "y": 124, "flags": 4},
            {"matrix": [0, 11], "x": 0, "y": 136, "flags": 4},
            {"matrix": [0, 12], "x": 0, "y": 149, "flags": 4},
            {"matrix": [0, 13], "x": 0, "y": 161, "flags": 4},
            {"matrix": [0, 14], "x": 0, "y": 174, "flags": 4},
            {"matrix": [0, 15], "x": 0, "y": 186, "flags": 4},
            {"matrix": [0, 16], "x": 0, "y": 198, "flags": 4},
            {"matrix": [0, 17], "x": 0, "y": 211, "flags": 4},
            {"matrix": [0, 18], "x": 0, "y": 223, "flags": 4},
        ],
        "max_brightness": 150,
        "val_steps": 30,
        "speed_steps": 51,
        "default": {
            "animation": "cycle_left_right",
            "val" :150,
            "speed" :204
        },
        "sleep": true
    },
    "tap_keycode_delay": 10,
    "url": "http://www.rkgaming.com",
    "usb": {
        "device_version": "0.3.0",
        "force_nkro": true,
        "pid": "0xE489",
        "suspend_wakeup_delay": 1000,
        "vid": "0x342D"
    },
    "ws2812": {
        "pin": "B15",
        "driver": "spi"
    },
    "layouts": {
        "LAYOUT": {
            "layout": [
                {"matrix":[0,0], "x":0, "y":0.25}, 
                {"matrix":[0,2], "x":2, "y":0.25}, 
                {"matrix":[0,3], "x":3, "y":0.25}, 
                {"matrix":[0,4], "x":4, "y":0.25}, 
                {"matrix":[0,5], "x":5, "y":0.25}, 
                {"matrix":[0,6], "x":6.5, "y":0.25}, 
                {"matrix":[0,7], "x":7.5, "y":0.25}, 
                {"matrix":[0,8], "x":8.5, "y":0.25}, 
                {"matrix":[0,9], "x":9.5, "y":0.25}, 
                {"matrix":[0,10], "x":11, "y":0.25}, 
                {"matrix":[0,11], "x":12, "y":0.25}, 
                {"matrix":[0,12], "x":13, "y":0.25}, 
                {"matrix":[0,13], "x":14, "y":0.25}, 
                {"matrix":[0,14], "x":15.25, "y":0.25}, 
                {"matrix":[0,15], "x":16.5, "y":0.25}, 
                {"matrix":[0,16], "x":17.5, "y":0.25}, 
                {"matrix":[0,17], "x":18.5, "y":0.25}, 
                {"matrix":[0,18], "x":19.5, "y":0.25}, 
                {"matrix":[1,0], "x":0, "y":1.5}, 
                {"matrix":[1,1], "x":1, "y":1.5}, 
                {"matrix":[1,2], "x":2, "y":1.5}, 
                {"matrix":[1,3], "x":3, "y":1.5}, 
                {"matrix":[1,4], "x":4, "y":1.5}, 
                {"matrix":[1,5], "x":5, "y":1.5}, 
                {"matrix":[1,6], "x":6, "y":1.5}, 
                {"matrix":[1,7], "x":7, "y":1.5}, 
                {"matrix":[1,8], "x":8, "y":1.5}, 
                {"matrix":[1,9], "x":9, "y":1.5}, 
                {"matrix":[1,10], "x":10, "y":1.5}, 
                {"matrix":[1,11], "x":11, "y":1.5}, 
                {"matrix":[1,12], "x":12, "y":1.5}, 
                {"matrix":[1,13], "x":13, "y":1.5, "w":2}, 
                {"matrix":[1,14], "x":15.25, "y":1.5}, 
                {"matrix":[1,15], "x":16.5, "y":1.5}, 
                {"matrix":[1,16], "x":17.5, "y":1.5}, 
                {"matrix":[1,17], "x":18.5, "y":1.5}, 
                {"matrix":[1,18], "x":19.5, "y":1.5}, 
                {"matrix":[2,0], "x":0, "y":2.5, "w":1.5}, 
                {"matrix":[2,1], "x":1.5, "y":2.5}, 
                {"matrix":[2,2], "x":2.5, "y":2.5}, 
                {"matrix":[2,3], "x":3.5, "y":2.5}, 
                {"matrix":[2,4], "x":4.5, "y":2.5}, 
                {"matrix":[2,5], "x":5.5, "y":2.5}, 
                {"matrix":[2,6], "x":6.5, "y":2.5}, 
                {"matrix":[2,7], "x":7.5, "y":2.5}, 
                {"matrix":[2,8], "x":8.5, "y":2.5}, 
                {"matrix":[2,9], "x":9.5, "y":2.5}, 
                {"matrix":[2,10], "x":10.5, "y":2.5}, 
                {"matrix":[2,11], "x":11.5, "y":2.5}, 
                {"matrix":[2,12], "x":12.5, "y":2.5}, 
                {"matrix":[2,13], "x":13.5, "y":2.5, "w":1.5}, 
                {"matrix":[2,14], "x":15.25, "y":2.5}, 
                {"matrix":[2,15], "x":16.5, "y":2.5}, 
                {"matrix":[2,16], "x":17.5, "y":2.5}, 
                {"matrix":[2,17], "x":18.5, "y":2.5}, 
                {"matrix":[2,18], "x":19.5, "y":2.5, "h":2}, 
                {"matrix":[3,0], "x":0, "y":3.5, "w":1.75}, 
                {"matrix":[3,1], "x":1.75, "y":3.5}, 
                {"matrix":[3,2], "x":2.75, "y":3.5}, 
                {"matrix":[3,3], "x":3.75, "y":3.5}, 
                {"matrix":[3,4], "x":4.75, "y":3.5}, 
                {"matrix":[3,5], "x":5.75, "y":3.5}, 
                {"matrix":[3,6], "x":6.75, "y":3.5}, 
                {"matrix":[3,7], "x":7.75, "y":3.5}, 
                {"matrix":[3,8], "x":8.75, "y":3.5}, 
                {"matrix":[3,9], "x":9.75, "y":3.5}, 
                {"matrix":[3,10], "x":10.75, "y":3.5}, 
                {"matrix":[3,11], "x":11.75, "y":3.5}, 
                {"matrix":[3,12], "x":12.75, "y":3.5, "w":2.25}, 
                {"matrix":[3,14], "x":15.25, "y":3.5}, 
                {"matrix":[3,15], "x":16.5, "y":3.5}, 
                {"matrix":[3,16], "x":17.5, "y":3.5}, 
                {"matrix":[3,17], "x":18.5, "y":3.5}, 
                {"matrix":[4,0], "x":0, "y":4.5, "w":2.25}, 
                {"matrix":[4,1], "x":2.25, "y":4.5}, 
                {"matrix":[4,2], "x":3.25, "y":4.5}, 
                {"matrix":[4,3], "x":4.25, "y":4.5},
                {"matrix":[4,4], "x":5.25, "y":4.5}, 
                {"matrix":[4,5], "x":6.25, "y":4.5}, 
                {"matrix":[4,6], "x":7.25, "y":4.5}, 
                {"matrix":[4,7], "x":8.25, "y":4.5}, 
                {"matrix":[4,8], "x":9.25, "y":4.5}, 
                {"matrix":[4,9], "x":10.25, "y":4.5}, 
                {"matrix":[4,10], "x":11.25, "y":4.5}, 
                {"matrix":[4,11], "x":12.25, "y":4.5, "w":1.75}, 
                {"matrix":[4,12], "x":14, "y":4.5}, 
                {"matrix":[4,15], "x":16.5, "y":4.5}, 
                {"matrix":[4,16], "x":17.5, "y":4.5}, 
                {"matrix":[4,17], "x":18.5, "y":4.5}, 
                {"matrix":[4,18], "x":19.5, "y":4.5, "h":2}, 
                {"matrix":[5,0], "x":0, "y":5.5, "w":1.25}, 
                {"matrix":[5,1], "x":1.25, "y":5.5, "w":1.25}, 
                {"matrix":[5,2], "x":2.5, "y":5.5, "w":1.25}, 
                {"matrix":[5,5], "x":3.75, "y":5.5, "w":6.25}, 
                {"matrix":[5,9], "x":10, "y":5.5, "w":1.25}, 
                {"matrix":[5,10], "x":11.25, "y":5.5, "w":1.25}, 
                {"matrix":[5,11], "x":13, "y":5.5}, 
                {"matrix":[5,12], "x":14, "y":5.5}, 
                {"matrix":[5,14], "x":15, "y":5.5}, 
                {"matrix":[5,16], "x":16.5, "y":5.5, "w":2}, 
                {"matrix":[5,17], "x":18.5, "y":5.5}
            ]
        }
    }
}
